docs/business-context/02-product/features/carteira-de-clientes.md	A_SOURCE_DOC	docs/onion/graph/carteira-de-clientes.kg.yaml
docs/business-context/02-product/features/carteira-de-clientes.md	EN_ASSIGNMENT	docs/onion/graph/carteira-de-clientes.kg.yaml
docs/business-context/02-product/features/carteira-de-clientes.md	EN_BRANCH	docs/onion/graph/carteira-de-clientes.kg.yaml
docs/business-context/02-product/features/carteira-de-clientes.md	EN_CUSTOMER	docs/onion/graph/carteira-de-clientes.kg.yaml
docs/business-context/02-product/features/carteira-de-clientes.md	EN_PORTFOLIO	docs/onion/graph/carteira-de-clientes.kg.yaml
docs/business-context/02-product/features/carteira-de-clientes.md	EN_SELLER	docs/onion/graph/carteira-de-clientes.kg.yaml
docs/business-context/02-product/features/carteira-de-clientes.md	EN_SUBGROUP	docs/onion/graph/carteira-de-clientes.kg.yaml
docs/business-context/02-product/features/carteira-de-clientes.md	EV_PORTFOLIO_EDITED	docs/onion/graph/carteira-de-clientes.kg.yaml
docs/business-context/02-product/features/carteira-de-clientes.md	EV_PORTFOLIO_FINALIZED	docs/onion/graph/carteira-de-clientes.kg.yaml
docs/business-context/02-product/features/carteira-de-clientes.md	IN_ONE_SELLER_PER_SUBGROUP	docs/onion/graph/carteira-de-clientes.kg.yaml
docs/business-context/02-product/features/carteira-de-clientes.md	PO_RULES_DECIDE_NOT_AI	docs/onion/graph/carteira-de-clientes.kg.yaml
docs/business-context/02-product/features/carteira-de-clientes.md	PO_VISIBILITY_BY_PORTFOLIO	docs/onion/graph/carteira-de-clientes.kg.yaml
docs/business-context/02-product/features/carteira-de-clientes.md	RU_AUTO_DISTRIBUTION	docs/onion/graph/carteira-de-clientes.kg.yaml
docs/business-context/02-product/features/carteira-de-clientes.md	RU_EDIT_RECONCILES	docs/onion/graph/carteira-de-clientes.kg.yaml
docs/business-context/02-product/features/carteira-de-clientes.md	RU_FILTERS_ALL_FILLED	docs/onion/graph/carteira-de-clientes.kg.yaml
docs/business-context/02-product/features/carteira-de-clientes.md	RU_MANUAL_INCLUSION	docs/onion/graph/carteira-de-clientes.kg.yaml
docs/business-context/02-product/features/carteira-de-clientes.md	RU_SPECIFICITY_PRIORITY	docs/onion/graph/carteira-de-clientes.kg.yaml
docs/business-context/02-product/features/carteira-de-clientes.md	RU_TIE_BLOCKS_PREVIEW	docs/onion/graph/carteira-de-clientes.kg.yaml
docs/business-context/02-product/features/carteira-de-clientes.md	ST_ASSIGNMENT_ACTIVE	docs/onion/graph/carteira-de-clientes.kg.yaml
docs/business-context/02-product/features/carteira-de-clientes.md	ST_ASSIGNMENT_INACTIVE	docs/onion/graph/carteira-de-clientes.kg.yaml
docs/business-context/02-product/features/carteira-de-clientes.md	ST_ASSIGNMENT_PREVIEW	docs/onion/graph/carteira-de-clientes.kg.yaml
