cnpj;razao_social;nome_fantasia;municipio_ibge;bairro;rede_codigo;grupo_economico_codigo;filiais;ativo
70.000.001/0001-11;FarmaVida Laranjeiras 1 Comércio de Medicamentos Ltda;FarmaVida Laranjeiras 1;3205002;Laranjeiras;RD-FARMAVIDA;;DEMO-ES;S
70.000.002/0001-66;FarmaVida Laranjeiras 2 Comércio de Medicamentos Ltda;FarmaVida Laranjeiras 2;3205002;Laranjeiras;RD-FARMAVIDA;;DEMO-ES;S
70.000.003/0001-00;Farmácia Bem Viver Laranjeiras 3 Comércio de Medicamentos Ltda;Farmácia Bem Viver Laranjeiras 3;3205002;Laranjeiras;;;DEMO-ES;S
70.000.004/0001-55;Drogaria Saúde Laranjeiras 4 Comércio de Medicamentos Ltda;Drogaria Saúde Laranjeiras 4;3205002;Laranjeiras;;;DEMO-ES;S
70.000.005/0001-08;Farmácia Central Laranjeiras 5 Comércio de Medicamentos Ltda;Farmácia Central Laranjeiras 5;3205002;Laranjeiras;;;DEMO-ES;S
70.000.006/0001-44;Farmácia Laranjeiras 6 Comércio de Medicamentos Ltda;Farmácia Laranjeiras 6;3205002;Laranjeiras;;;DEMO-ES;S
70.000.007/0001-99;Drogaria Laranjeiras 7 Comércio de Medicamentos Ltda;Drogaria Laranjeiras 7;3205002;Laranjeiras;;;DEMO-ES;S
70.000.008/0001-33;Drogaria Popular Laranjeiras 8 Comércio de Medicamentos Ltda;Drogaria Popular Laranjeiras 8;3205002;Laranjeiras;;;DEMO-ES;S
70.000.009/0001-88;Farmácia Bem Viver Jacaraípe 1 Comércio de Medicamentos Ltda;Farmácia Bem Viver Jacaraípe 1;3205002;Jacaraípe;;;DEMO-ES;S
70.000.010/0001-02;Drogaria Saúde Jacaraípe 2 Comércio de Medicamentos Ltda;Drogaria Saúde Jacaraípe 2;3205002;Jacaraípe;;;DEMO-ES;S
70.000.011/0001-57;Farmácia Central Jacaraípe 3 Comércio de Medicamentos Ltda;Farmácia Central Jacaraípe 3;3205002;Jacaraípe;;;DEMO-ES;S
70.000.012/0001-00;Farmácia Jacaraípe 4 Comércio de Medicamentos Ltda;Farmácia Jacaraípe 4;3205002;Jacaraípe;;;DEMO-ES;S
70.000.013/0001-46;Drogaria Jacaraípe 5 Comércio de Medicamentos Ltda;Drogaria Jacaraípe 5;3205002;Jacaraípe;;;DEMO-ES;S
70.000.014/0001-90;Drogaria Popular Jacaraípe 6 Comércio de Medicamentos Ltda;Drogaria Popular Jacaraípe 6;3205002;Jacaraípe;;;DEMO-ES;S
70.000.015/0001-35;Farmácia Bem Viver Carapina 1 Comércio de Medicamentos Ltda;Farmácia Bem Viver Carapina 1;3205002;Carapina;;GE-SAUDEMAIS;DEMO-ES;S
70.000.016/0001-80;Drogaria Saúde Carapina 2 Comércio de Medicamentos Ltda;Drogaria Saúde Carapina 2;3205002;Carapina;;;DEMO-ES;S
70.000.017/0001-24;Farmácia Central Carapina 3 Comércio de Medicamentos Ltda;Farmácia Central Carapina 3;3205002;Carapina;;;DEMO-ES;S
70.000.018/0001-79;Farmácia Carapina 4 Comércio de Medicamentos Ltda;Farmácia Carapina 4;3205002;Carapina;;;DEMO-ES;S
70.000.019/0001-13;FarmaVida Centro 1 Comércio de Medicamentos Ltda;FarmaVida Centro 1;3205309;Centro;RD-FARMAVIDA;;DEMO-ES;S
70.000.020/0001-48;Drogaria Popular Centro 2 Comércio de Medicamentos Ltda;Drogaria Popular Centro 2;3205309;Centro;;;DEMO-ES;S
70.000.021/0001-92;Farmácia Bem Viver Centro 3 Comércio de Medicamentos Ltda;Farmácia Bem Viver Centro 3;3205309;Centro;;;DEMO-ES;S
70.000.022/0001-37;Drogaria Saúde Centro 4 Comércio de Medicamentos Ltda;Drogaria Saúde Centro 4;3205309;Centro;;;DEMO-ES;S
70.000.023/0001-81;Farmácia Central Centro 5 Comércio de Medicamentos Ltda;Farmácia Central Centro 5;3205309;Centro;;;DEMO-ES;S
70.000.024/0001-26;Farmácia Centro 6 Comércio de Medicamentos Ltda;Farmácia Centro 6;3205309;Centro;;;DEMO-ES;S
70.000.025/0001-70;FarmaVida Jardim Camburi 1 Comércio de Medicamentos Ltda;FarmaVida Jardim Camburi 1;3205309;Jardim Camburi;RD-FARMAVIDA;GE-SAUDEMAIS;DEMO-ES;S
70.000.026/0001-15;FarmaVida Jardim Camburi 2 Comércio de Medicamentos Ltda;FarmaVida Jardim Camburi 2;3205309;Jardim Camburi;RD-FARMAVIDA;;DEMO-ES;S
70.000.027/0001-60;Farmácia Bem Viver Jardim Camburi 3 Comércio de Medicamentos Ltda;Farmácia Bem Viver Jardim Camburi 3;3205309;Jardim Camburi;;;DEMO-ES;S
70.000.028/0001-04;Drogaria Saúde Jardim Camburi 4 Comércio de Medicamentos Ltda;Drogaria Saúde Jardim Camburi 4;3205309;Jardim Camburi;;;DEMO-ES;S
70.000.029/0001-59;Farmácia Central Jardim Camburi 5 Comércio de Medicamentos Ltda;Farmácia Central Jardim Camburi 5;3205309;Jardim Camburi;;;DEMO-ES;S
70.000.030/0001-83;Farmácia Jardim Camburi 6 Comércio de Medicamentos Ltda;Farmácia Jardim Camburi 6;3205309;Jardim Camburi;;;DEMO-ES;S
70.000.031/0001-28;Drogaria Praia do Canto 1 Comércio de Medicamentos Ltda;Drogaria Praia do Canto 1;3205309;Praia do Canto;;;DEMO-ES;S
70.000.032/0001-72;Drogaria Popular Praia do Canto 2 Comércio de Medicamentos Ltda;Drogaria Popular Praia do Canto 2;3205309;Praia do Canto;;;DEMO-ES;S
70.000.033/0001-17;Farmácia Bem Viver Praia do Canto 3 Comércio de Medicamentos Ltda;Farmácia Bem Viver Praia do Canto 3;3205309;Praia do Canto;;;DEMO-ES;S
70.000.034/0001-61;Drogaria Saúde Praia do Canto 4 Comércio de Medicamentos Ltda;Drogaria Saúde Praia do Canto 4;3205309;Praia do Canto;;;DEMO-ES;S
70.000.035/0001-06;FarmaVida Praia da Costa 1 Comércio de Medicamentos Ltda;FarmaVida Praia da Costa 1;3205200;Praia da Costa;RD-FARMAVIDA;;DEMO-ES;S
70.000.036/0001-50;Farmácia Praia da Costa 2 Comércio de Medicamentos Ltda;Farmácia Praia da Costa 2;3205200;Praia da Costa;;;DEMO-ES;S
70.000.037/0001-03;Drogaria Praia da Costa 3 Comércio de Medicamentos Ltda;Drogaria Praia da Costa 3;3205200;Praia da Costa;;;DEMO-ES;S
70.000.038/0001-40;Drogaria Popular Praia da Costa 4 Comércio de Medicamentos Ltda;Drogaria Popular Praia da Costa 4;3205200;Praia da Costa;;;DEMO-ES;S
70.000.039/0001-94;Farmácia Bem Viver Praia da Costa 5 Comércio de Medicamentos Ltda;Farmácia Bem Viver Praia da Costa 5;3205200;Praia da Costa;;;DEMO-ES;S
70.000.040/0001-19;Drogaria Saúde Itapuã 1 Comércio de Medicamentos Ltda;Drogaria Saúde Itapuã 1;3205200;Itapuã;;;DEMO-ES;S
70.000.041/0001-63;Farmácia Central Itapuã 2 Comércio de Medicamentos Ltda;Farmácia Central Itapuã 2;3205200;Itapuã;;;DEMO-ES;S
70.000.042/0001-08;Farmácia Itapuã 3 Comércio de Medicamentos Ltda;Farmácia Itapuã 3;3205200;Itapuã;;;DEMO-ES;S
70.000.043/0001-52;Drogaria Campo Grande 1 Comércio de Medicamentos Ltda;Drogaria Campo Grande 1;3201308;Campo Grande;;GE-SAUDEMAIS;DEMO-ES;S
70.000.044/0001-05;Drogaria Popular Campo Grande 2 Comércio de Medicamentos Ltda;Drogaria Popular Campo Grande 2;3201308;Campo Grande;;;DEMO-ES;S
70.000.045/0001-41;Farmácia Bem Viver Campo Grande 3 Comércio de Medicamentos Ltda;Farmácia Bem Viver Campo Grande 3;3201308;Campo Grande;;;DEMO-ES;S
70.000.046/0001-96;Drogaria Saúde Campo Grande 4 Comércio de Medicamentos Ltda;Drogaria Saúde Campo Grande 4;3201308;Campo Grande;;;DEMO-ES;S
70.000.047/0001-30;Farmácia Central Campo Grande 5 Comércio de Medicamentos Ltda;Farmácia Central Campo Grande 5;3201308;Campo Grande;;;DEMO-ES;S
70.000.048/0001-85;Farmácia Campo Grande 6 Comércio de Medicamentos Ltda;Farmácia Campo Grande 6;3201308;Campo Grande;;;DEMO-ES;S
